,x
1, 지자체 남북교류기금 폐지 도미노 울산 대구 수원 성남 잇달아 가결 
2, 이용수 할머니 역사 문제 해결한다던 윤 대통령 거짓말해 
3, 박우정 전 고창군수 4년 넘게 마을회관 사유화 논란 
4, 의원이 시장하세요 남원시장 부적절 발언 논란 
5, 금융위가 위믹스 재상장 불편해 했다 코인상장 가이드라인 발표 
6, 원희룡 보유세 부담 비정상적 과중 尹공약 조기 이행 
7, 2023 공시가격 세종 30 인천 24 서울에선 송파 하락률 23 최고 
8, 日정부 기시다 우크라 방문 비밀 안전 고려한 최적의 방법 
9, 동국제강 인적분할 초읽기 주주 문턱 넘을 수 있나 
10, 허베이조합 임시총회 법원이 또 제동 무자격 대의원 식물조합 재확인 
11, 산업계 부담 줄인 탄소감축계획안 공청회 환경단체 기습시위 
12, 대학생만 100만원 축하금 주는 군 장학회 차별에 화가 난다 
13, 오늘 이슈 챗 잡겠다 모습 드러낸 구글 바드 
14, 계속되는 인구쇼크 1월 출생아수 역대 최저치 사망자수 역대 최고치 
15, 이자수익에 상호금융 순익 3조 돌파 가계 기업 연체율은 상승 악화 
16, 강원외고 농어촌자율학교로 전환 박차 다음달 교육부 심의 결과 주목 
17, 경찰 막말 공분 김미나 창원시의원 모욕 혐의 검찰 송치 
18, 봄철 온실가스 농도 가장 높아 겨울철 난방 영향 
19, 지주사 전환 가시화 배당확대 승부수 통했다 
20, 기내 음주 추태 박지헌 충북도의원 의원직 박탈하나 
21, 올댓차이나 텅쉰뮤직 작년 4분기 매출 1 4조원 유료계약 광고 회복 
22, 진보성향 민족일보 창간에 참여 
23, 29세 여성 16세 로 속이고 美고교 입학 범행 동기 들어보니 
24, 정권퇴진 시국미사 정의구현사제단 대법 판결 부정 강제징용 피해자 묵살 탄핵 사유 백운기의 시사1번지 
25, 사죄 없는 일본 선거 앞뒀으니 이해해야 한다 는 언론 
26, 영상 여학생들 치마 입지마 英 학교 성중립 교복 규정 논란 나우 어스 
27, 퇴근하는 요정 펭귄 우아한 블랙스완 을 볼 수 있는 남극해의 섬 전승훈의 아트로드 
28, 윤석열과 기시다는 드골과 아데나워의 길을 갈 수 있을까 문지방 
29, 곰돌이 푸 공포영화 홍콩서 돌연 상영 취소 시진핑 닮아서 
30,행안위 기회발전특구 교육자유특구 신설 특별법 의결 
31, 우승 일본 호외 발행
32,따뜻한 오후
33,NA
34,NA
35,NA
36,NA
37,NA
38,NA
39,NA
40,NA
41,NA
42,NA
43,NA
44,NA
45,NA
46,NA
47,NA
48,NA
49,NA
50,NA
51,NA
52,NA
53,NA
54,NA
55,NA
56,NA
57,NA
58,NA
59,NA
